{
  "trashbin": {
    "Item1": [
      5.44000149,
      0.0214736462,
      7.5873003
    ],
    "Item2": [
      0.0,
      0.0,
      0.0,
      1.0
    ]
  }
}